"YBP","Vals"
1,0.3674800330773
2,0.521266061579809
3,0.498236470157281
4,0.777982480823994
5,0.946830744156614
6,0.6927114718128
7,0.914193162927404
8,0.180290805641562
9,0.841636912897229
10,0.152691863710061
