"AD","Vals"
2014,0.3674800330773
2013,0.521266061579809
2012,0.498236470157281
2011,0.777982480823994
2010,0.946830744156614
2009,0.6927114718128
2008,0.914193162927404
2007,0.180290805641562
2006,0.841636912897229
2005,0.152691863710061
