"Vals","YBP"
0.3674800330773,1
0.521266061579809,2
0.498236470157281,3
0.777982480823994,4
0.946830744156614,5
0.6927114718128,6
0.914193162927404,7
0.180290805641562,8
0.841636912897229,9
0.152691863710061,10
